{
  "$schema": "https://raw.githubusercontent.com/grafana/grafana/master/docs/sources/developers/plugins/plugin.schema.json",
  "type": "panel",
  "name": "Psychrometric Chart",
  "id": "ventura-psychrometric-panel",
  "info": {
    "description": "View air conditions on a psychrometric chart.",
    "author": {
      "name": "Nicolas Ventura",
      "url": "https://www.nersc.gov"
    },
    "keywords": [
      "air",
      "temperature",
      "humidity"
    ],
    "logos": {
      "small": "img/logo.svg",
      "large": "img/logo.svg"
    },
    "links": [
      {
        "name": "Website",
        "url": "https://nicfv.github.io/Psychart"
      },
      {
        "name": "GitHub",
        "url": "https://github.com/nicfv/Psychart"
      },
      {
        "name": "License",
        "url": "https://github.com/nicfv/Psychart/blob/main/LICENSE"
      }
    ],
    "screenshots": [
      {
        "name": "screenshot",
        "path": "img/screenshot.png"
      }
    ],
    "version": "1.0.0",
    "updated": "2022-04-26"
  },
  "dependencies": {
    "grafanaDependency": ">=7.0.0",
    "plugins": []
  }
}